-- phpMyAdmin SQL Dump
-- version 3.5.8.1deb1
-- http://www.phpmyadmin.net
--
-- Client: localhost
-- Généré le: Mer 23 Octobre 2013 à 16:31
-- Version du serveur: 5.5.32-0ubuntu0.13.04.1-log
-- Version de PHP: 5.4.9-4ubuntu2.3

SET SQL_MODE="NO_AUTO_VALUE_ON_ZERO";
SET time_zone = "+00:00";


/*!40101 SET @OLD_CHARACTER_SET_CLIENT=@@CHARACTER_SET_CLIENT */;
/*!40101 SET @OLD_CHARACTER_SET_RESULTS=@@CHARACTER_SET_RESULTS */;
/*!40101 SET @OLD_COLLATION_CONNECTION=@@COLLATION_CONNECTION */;
/*!40101 SET NAMES utf8 */;

--
-- Base de données: `pmdisplayseqdb`
--

-- --------------------------------------------------------

--
-- Structure de la table `clip`
--

CREATE TABLE IF NOT EXISTS `clip` (
  `id` int(11) NOT NULL AUTO_INCREMENT,
  `clipname` text NOT NULL,
  `clipdate` timestamp NOT NULL DEFAULT CURRENT_TIMESTAMP ON UPDATE CURRENT_TIMESTAMP,
  `clipbackgroundcolor` text NOT NULL,
  `clipDurationInSeconds` int(11) NOT NULL DEFAULT '4',
  `clipOrderNumber` int(11) NOT NULL DEFAULT '1',
  `isLoop` tinyint(1) NOT NULL DEFAULT '1',
  `singleClip` tinyint(1) NOT NULL DEFAULT '1',
  `cliplayoutid` int(11) NOT NULL,
  PRIMARY KEY (`id`),
  KEY `cliplayoutid` (`cliplayoutid`)
) ENGINE=InnoDB  DEFAULT CHARSET=utf8 AUTO_INCREMENT=11 ;

--
-- Contenu de la table `clip`
--

INSERT INTO `clip` (`id`, `clipname`, `clipdate`, `clipbackgroundcolor`, `clipDurationInSeconds`, `clipOrderNumber`, `isLoop`, `singleClip`, `cliplayoutid`) VALUES
(1, 'Clip 1 Sidebars', '2013-10-22 13:22:05', '#CCCCCC', 4, 1, 1, 1, 1),
(2, 'Clip 2 Sidebars', '2013-10-22 13:37:33', '#C3E3D3', 4, 1, 1, 1, 1),
(3, 'Created Clip Left sidebar', '2013-10-18 06:57:18', '#FFFFFF', 4, 1, 1, 1, 2),
(4, 'Test Clip 1 Main area', '2013-10-18 06:57:22', '#FFFFFF', 4, 1, 1, 1, 3),
(5, 'Test Clip 2 Right sidebar', '2013-10-18 06:57:25', '#FFFFFF', 4, 1, 1, 1, 4),
(6, 'Test Clip 3 Main area', '2013-10-18 06:57:29', '#FFFFFF', 4, 1, 1, 1, 3),
(7, 'Test Clip 4 Main area', '2013-10-18 06:57:32', '#FFFFFF', 4, 1, 1, 1, 3),
(8, 'Test Clip 5 Left Sidebar', '2013-10-23 07:46:14', '#FFFFFF', 4, 1, 1, 1, 2),
(9, 'Test Clip 6 Right sidebar', '2013-10-23 09:09:19', '#CCCCCC', 4, 1, 0, 0, 4),
(10, 'Test Clip 7 Right sidebar', '2013-10-23 09:20:06', '#CCCCCC', 4, 1, 0, 0, 4);

-- --------------------------------------------------------

--
-- Structure de la table `cliplayout`
--

CREATE TABLE IF NOT EXISTS `cliplayout` (
  `id` int(11) NOT NULL AUTO_INCREMENT,
  `cliplayoutname` text NOT NULL,
  `cliplayouteditorhead` text NOT NULL,
  `cliplayouteditorfoot` text NOT NULL,
  `cliplayouthead` text NOT NULL,
  `cliplayoutfoot` text NOT NULL,
  `cliplayoutcssref` text NOT NULL,
  PRIMARY KEY (`id`)
) ENGINE=InnoDB  DEFAULT CHARSET=utf8 AUTO_INCREMENT=5 ;

--
-- Contenu de la table `cliplayout`
--

INSERT INTO `cliplayout` (`id`, `cliplayoutname`, `cliplayouteditorhead`, `cliplayouteditorfoot`, `cliplayouthead`, `cliplayoutfoot`, `cliplayoutcssref`) VALUES
(1, '2 Sidebars', '<!DOCTYPE html>\r\n<!--[if lt IE 7 ]><html class="ie ie6" lang="en"> <![endif]-->\r\n<!--[if IE 7 ]><html class="ie ie7" lang="en"> <![endif]-->\r\n<!--[if IE 8 ]><html class="ie ie8" lang="en"> <![endif]-->\r\n<!--[if (gte IE 9)|!(IE)]><!--> 	<html lang="en"> <!--<![endif]-->\r\n<head>\r\n\r\n	<!-- Basic Page Needs\r\n  ================================================== -->\r\n	<meta charset="utf-8" />\r\n	<title>Sidebars Base Template</title>\r\n	<!--[if lt IE 9]>\r\n		<script src="http://html5shim.googlecode.com/svn/trunk/html5.js"></script>\r\n	<![endif]-->\r\n	\r\n	<!-- Mobile Specific Metas\r\n  ================================================== -->\r\n	<meta name="viewport" content="width=device-width, initial-scale=1, maximum-scale=1" />\r\n	\r\n	<!-- JS\r\n  ================================================== -->\r\n    <script src="http://ajax.googleapis.com/ajax/libs/jquery/1.7.1/jquery.min.js"></script>\r\n	<script src="resources/js/modernizr.js"></script>\r\n	<script src="resources/js/ckeditor/ckeditor.js"></script>\r\n	<!-- <script src="resources/js/jscolor/jscolor.js"></script> -->\r\n	\r\n	<script type="text/javascript">\r\n		function previewClip() {\r\n			\r\n			window.open("/clipEditPreview");\r\n			window.focus();\r\n			\r\n		}\r\n	</script>\r\n	\r\n	<!-- CSS\r\n  ================================================== \r\n	<link rel="stylesheet" href="resources/css/animate.min.css"> -->\r\n	<link rel="stylesheet" href="resources/css/base.css">\r\n	<link rel="stylesheet" href="resources/css/skeleton_2sidebars_1920.css">\r\n	<link rel="stylesheet" href="resources/css/layout_sidebars_1920.css">\r\n	\r\n	\r\n</head>\r\n<!-- <body scroll="no" style="overflow: hidden" leftmargin="0" topmargin="0"\r\n	rightmargin="0" bottommargin="0" marginwidth="0" marginheight="0">  -->\r\n	<body>\r\n\r\n	<!-- Primary Page Layout\r\n	================================================== -->\r\n	\r\n	<!-- This <div> holds alert messages to be display in the sample page. -->\r\n	<div id="alerts">\r\n		<noscript>\r\n			<p>\r\n				<strong>CKEditor requires JavaScript to run</strong>. In a browser with no JavaScript\r\n				support, like yours, you should still see the contents (HTML data) and you should\r\n				be able to edit it normally, without a rich editor interface.\r\n			</p>\r\n		</noscript>\r\n	</div>\r\n	<div id="sharedToolbar" >\r\n	</div>\r\n	\r\n	<form name="templateConfigForm" method="post" action="/templateEditing">\r\n	\r\n	<div class="container">', '</div><!-- container -->\r\n	\r\n	<input type="submit" value="1. Appliquer les changements" style=" position: absolute; left: 970px; top: 120px;"/>\r\n	<input type="button" value="2. Aperçu du Clip" \r\n						style=" position: absolute; left: 970px; top: 160px;"\r\n						onClick="javascript: previewClip()"/>\r\n        <!-- \r\n	<form:label  path="backgroundColor" style=" position: absolute; left: 970px; top: 230px; font-size: 100%;" >Choisir la couleur de fond :</form:label>\r\n	<form:input path="backgroundColor" class="color" value="${backgroundColor}"\r\n				style=" position: absolute; left: 970px; top: 250px;" />\r\n	-->\r\n	</form>\r\n	<!--\r\n	<div style=" font-size: 100%; position: absolute; left: 970px; top: 300px;" >\r\n	\r\n		<strong>Typographie : style CSS de bloc obligatoire</strong><br>\r\n			font-size: 100%;  <br><br>\r\n		<strong>Typographie : exemples de remplacement de la taille</strong><br>\r\n			font-size: 140%;  <br>\r\n			font-size: 70%;  <br><br>\r\n		\r\n		<strong>Effets d''animation : <br>(class CSS à configurer en dernier)</strong><br>\r\n			animated fadeInLeftBig <br>\r\n			animated fadeInRightBig <br>\r\n			animated bounceInLeft <br>\r\n			animated bounceInRight <br>\r\n			animated bounceInDown <br>\r\n			animated bounceOutDown <br>\r\n			animated fadeIn <br>\r\n			animated rollIn <br>\r\n			animated rollOut <br>\r\n			animated rotateInDownLeft <br>\r\n			animated rotateOutDownRight <br>\r\n			animated tada <br>\r\n			animated pulse <br>\r\n			animated wobble <br> <br>\r\n\r\n		<strong>Durée et délai d''animation : <br>(Style : en secondes)</strong><br>\r\n			-moz-animation-duration: 3s; <br>\r\n			animation-delay: 1.5s; <br>\r\n		\r\n	</div>\r\n	-->\r\n	<div id="sharedPath" />\r\n	\r\n	<script type="text/javascript">\r\n	//<![CDATA[\r\n\r\n		// Create all editor instances at the end of the page, so we are sure\r\n		// that the "bottomSpace" div is available in the DOM (IE issue).\r\n\r\n		CKEDITOR.replace( ''headerEditor'',\r\n			{\r\n				sharedSpaces :\r\n				{\r\n					top : ''sharedToolbar'',\r\n					bottom : ''sharedPath''\r\n				},\r\n\r\n				// Removes the maximize plugin as it''s not usable\r\n				// in a shared toolbar.\r\n				// Removes the resizer as it''s not usable in a\r\n				// shared elements path.\r\n				removePlugins : ''maximize,resize'',\r\n				height : ''20''\r\n			} );\r\n\r\n		CKEDITOR.replace( ''leftSidebarEditor'',\r\n			{\r\n				sharedSpaces :\r\n				{\r\n					top : ''sharedToolbar'',\r\n					bottom : ''sharedPath''\r\n				},\r\n\r\n				// Removes the maximize plugin as it''s not usable\r\n				// in a shared toolbar.\r\n				// Removes the resizer as it''s not usable in a\r\n				// shared elements path.\r\n				removePlugins : ''maximize,resize'',\r\n				height : ''605''\r\n			} );\r\n\r\n		CKEDITOR.replace( ''mainEditor'',\r\n			{\r\n				sharedSpaces :\r\n				{\r\n					top : ''sharedToolbar'',\r\n					bottom : ''sharedPath'',\r\n				},\r\n\r\n				// Removes the maximize plugin as it''s not usable\r\n				// in a shared toolbar.\r\n				removePlugins : ''maximize'',\r\n				height : ''605''\r\n			} );\r\n		\r\n		CKEDITOR.replace( ''rightSidebarEditor'',\r\n				{\r\n					sharedSpaces :\r\n					{\r\n						top : ''sharedToolbar'',\r\n						bottom : ''sharedPath'',\r\n					},\r\n\r\n					// Removes the maximize plugin as it''s not usable\r\n					// in a shared toolbar.\r\n					removePlugins : ''maximize'',\r\n					height : ''605''\r\n				} );\r\n\r\n		CKEDITOR.replace( ''footerEditor'',\r\n				{\r\n					sharedSpaces :\r\n					{\r\n						top : ''sharedToolbar'',\r\n						bottom : ''sharedPath'',\r\n					},\r\n\r\n					// Removes the maximize plugin as it''s not usable\r\n					// in a shared toolbar.\r\n					removePlugins : ''maximize'',\r\n					height : ''20''\r\n				} );\r\n	//]]>\r\n	</script>\r\n	\r\n	\r\n		\r\n	<!-- JS\r\n	================================================== -->\r\n	<script src="//ajax.googleapis.com/ajax/libs/jquery/1.5.1/jquery.js"></script>\r\n	<script>window.jQuery || document.write("<script src=''javascripts/jquery-1.5.1.min.js''>\\x3C/script>")</script>\r\n	<script src="resources/css/js/app.js"></script>\r\n	\r\n<!-- End Document\r\n================================================== -->\r\n</body>\r\n</html>', '<!DOCTYPE html>\r\n<!--[if lt IE 7 ]><html class="ie ie6" lang="en"> <![endif]-->\r\n<!--[if IE 7 ]><html class="ie ie7" lang="en"> <![endif]-->\r\n<!--[if IE 8 ]><html class="ie ie8" lang="en"> <![endif]-->\r\n<!--[if (gte IE 9)|!(IE)]><!--> 	\r\n\r\n<html lang="en"> <!--<![endif]-->\r\n<head>\r\n\r\n	<!-- Basic Page Needs\r\n  ================================================== -->\r\n	<meta charset="utf-8" />\r\n	<title>Sidebars Base Clip ${clipName }</title>\r\n	<!--[if lt IE 9]>\r\n		<script src="http://html5shim.googlecode.com/svn/trunk/html5.js"></script>\r\n	<![endif]-->\r\n	\r\n	<!-- Mobile Specific Metas\r\n  ================================================== -->\r\n	<meta name="viewport" content="width=device-width, initial-scale=1, maximum-scale=1" />\r\n	\r\n	<!-- JS\r\n  ================================================== -->\r\n   <script src="http://ajax.googleapis.com/ajax/libs/jquery/1.7.1/jquery.min.js"></script>\r\n	<script src="../../js/modernizr.js"></script>\r\n	<script src="../../js/ckeditor/ckeditor.js"></script>\r\n	<script type="text/javascript" src="../../js/clipTimer.js"></script> \r\n	\r\n	<script>\r\n	function countDown() {\r\n		if (count <= 0) {\r\n			document.clipForm.submit();\r\n		} else {\r\n			count--;\r\n			//document.getElementById("timer").innerHTML = " Il reste : " + count\r\n					+ " secondes. ";\r\n			setTimeout("countDown()", 1000);\r\n		}\r\n	}\r\n</script>\r\n	\r\n	<!-- CSS\r\n  ================================================== \r\n	<link rel="stylesheet" href="../../css/animate.min.css">  -->\r\n	<link rel="stylesheet" href="../../css/base.css">\r\n	<link rel="stylesheet" href="../../css/skeleton_2sidebars_1920.css">\r\n	<link rel="stylesheet" href="../../css/layout_sidebars_1920.css">\r\n	\r\n	\r\n</head>\r\n<body scroll="no" style="overflow: hidden" leftmargin="0" topmargin="0"\r\n	rightmargin="0" bottommargin="0" marginwidth="0" marginheight="0">\r\n<!-- 	<body>    -->\r\n\r\n	<!-- Primary Page Layout\r\n	================================================== --> \r\n	\r\n    <?php foreach ($previewedclips as $clip): ?>\r\n\r\n           <form name=''clipSaveForm'' method=''post'' action=''/saveClip''>\r\n	\r\n	<div class="container" > <!-- style="$clipBackgroundColor" -->', '        <label for:clipname style='' position: relative; left: 102%; top: -15%;'' >Saisir le nom du Clip :</label>\r\n	<input type=''text'' name=''clipname'' style='' position: relative; left: 102%; top: -14%''/>\r\n	<input type=''submit'' value=''Save Clip'' style='' position: relative; left: 102%; top: -13%;''/>\r\n	<!---->	\r\n	</div><!--container-->\r\n	<!--\r\n	<input id="clipDuration" type="hidden" value="$clipDurationInSeconds" />\r\n	<input type="hidden" value="$clipOrderNumber" />\r\n	<input type="hidden" value="$nextClipUri" />\r\n	-->\r\n	\r\n	</form>\r\n\r\n     <?php endforeach; ?>\r\n\r\n	<!--\r\n	<script type="text/javascript">\r\n		var count = document.clipSaveForm.clipDuration.value;\r\n		countDown();\r\n	</script>\r\n        -->\r\n	\r\n	</script>\r\n		\r\n	<!-- JS\r\n	================================================== -->\r\n	<script src="//ajax.googleapis.com/ajax/libs/jquery/1.5.1/jquery.js"></script>\r\n	<script>window.jQuery || document.write("<script src=''javascripts/jquery-1.5.1.min.js''>\\x3C/script>")</script>\r\n	<script src="resources/css/js/app.js"></script>\r\n	\r\n<!-- End Document\r\n================================================== -->\r\n</body>\r\n</html>', '<link rel="stylesheet" href="../../css/layout_sidebars_1920.css">'),
(2, 'Left sidebar', '<!DOCTYPE html>\r\n<!--[if lt IE 7 ]><html class="ie ie6" lang="en"> <![endif]-->\r\n<!--[if IE 7 ]><html class="ie ie7" lang="en"> <![endif]-->\r\n<!--[if IE 8 ]><html class="ie ie8" lang="en"> <![endif]-->\r\n<!--[if (gte IE 9)|!(IE)]><!--> 	<html lang="en"> <!--<![endif]-->\r\n<head>\r\n\r\n	<!-- Basic Page Needs\r\n  ================================================== -->\r\n	<meta charset="utf-8" />\r\n	<title>Sidebars Base Template</title>\r\n	<!--[if lt IE 9]>\r\n		<script src="http://html5shim.googlecode.com/svn/trunk/html5.js"></script>\r\n	<![endif]-->\r\n	\r\n	<!-- Mobile Specific Metas\r\n  ================================================== -->\r\n	<meta name="viewport" content="width=device-width, initial-scale=1, maximum-scale=1" />\r\n	\r\n	<!-- JS\r\n  ================================================== -->\r\n    <script src="http://ajax.googleapis.com/ajax/libs/jquery/1.7.1/jquery.min.js"></script>\r\n	<script src="resources/js/modernizr.js"></script>\r\n	<script src="resources/js/ckeditor/ckeditor.js"></script>\r\n	<!-- <script src="resources/js/jscolor/jscolor.js"></script> -->\r\n	\r\n	<script type="text/javascript">\r\n		function previewClip() {\r\n			\r\n			window.open("/clipEditPreview");\r\n			window.focus();\r\n			\r\n		}\r\n	</script>\r\n	\r\n	<!-- CSS\r\n  ================================================== \r\n	<link rel="stylesheet" href="resources/css/animate.min.css"> -->\r\n	<link rel="stylesheet" href="resources/css/base.css">\r\n	<link rel="stylesheet" href="resources/css/skeleton_2sidebars_1920.css">\r\n	<link rel="stylesheet" href="resources/css/layout_leftsidebar_1920.css">\r\n	\r\n	\r\n</head>\r\n<!-- <body scroll="no" style="overflow: hidden" leftmargin="0" topmargin="0"\r\n	rightmargin="0" bottommargin="0" marginwidth="0" marginheight="0">  -->\r\n	<body>\r\n\r\n	<!-- Primary Page Layout\r\n	================================================== -->\r\n	\r\n	<!-- This <div> holds alert messages to be display in the sample page. -->\r\n	<div id="alerts">\r\n		<noscript>\r\n			<p>\r\n				<strong>CKEditor requires JavaScript to run</strong>. In a browser with no JavaScript\r\n				support, like yours, you should still see the contents (HTML data) and you should\r\n				be able to edit it normally, without a rich editor interface.\r\n			</p>\r\n		</noscript>\r\n	</div>\r\n	<div id="sharedToolbar" >\r\n	</div>\r\n	\r\n	<form name="templateConfigForm" method="post" modelAttribute="template" \r\n							action="/templateEditing">\r\n	\r\n	<div class="container">', '</div><!-- container -->\r\n	\r\n	<input type="submit" value="1. Appliquer les changements" style=" position: absolute; left: 970px; top: 120px;"/>\r\n	<input type="button" value="2. Aperçu du Clip" \r\n						style=" position: absolute; left: 970px; top: 160px;"\r\n						onClick="javascript: previewClip()"/>\r\n        <!-- \r\n	<form:label  path="backgroundColor" style=" position: absolute; left: 970px; top: 230px; font-size: 100%;" >Choisir la couleur de fond :</form:label>\r\n	<form:input path="backgroundColor" class="color" value="${backgroundColor}"\r\n				style=" position: absolute; left: 970px; top: 250px;" />\r\n	-->\r\n	</form>\r\n	<!--\r\n	<div style=" font-size: 100%; position: absolute; left: 970px; top: 300px;" >\r\n	\r\n		<strong>Typographie : style CSS de bloc obligatoire</strong><br>\r\n			font-size: 100%;  <br><br>\r\n		<strong>Typographie : exemples de remplacement de la taille</strong><br>\r\n			font-size: 140%;  <br>\r\n			font-size: 70%;  <br><br>\r\n		\r\n		<strong>Effets d''animation : <br>(class CSS à configurer en dernier)</strong><br>\r\n			animated fadeInLeftBig <br>\r\n			animated fadeInRightBig <br>\r\n			animated bounceInLeft <br>\r\n			animated bounceInRight <br>\r\n			animated bounceInDown <br>\r\n			animated bounceOutDown <br>\r\n			animated fadeIn <br>\r\n			animated rollIn <br>\r\n			animated rollOut <br>\r\n			animated rotateInDownLeft <br>\r\n			animated rotateOutDownRight <br>\r\n			animated tada <br>\r\n			animated pulse <br>\r\n			animated wobble <br> <br>\r\n\r\n		<strong>Durée et délai d''animation : <br>(Style : en secondes)</strong><br>\r\n			-moz-animation-duration: 3s; <br>\r\n			animation-delay: 1.5s; <br>\r\n		\r\n	</div>\r\n	-->\r\n	<div id="sharedPath" />\r\n	\r\n	<script type="text/javascript">\r\n	//<![CDATA[\r\n\r\n		// Create all editor instances at the end of the page, so we are sure\r\n		// that the "bottomSpace" div is available in the DOM (IE issue).\r\n\r\n		CKEDITOR.replace( ''headerEditor'',\r\n			{\r\n				sharedSpaces :\r\n				{\r\n					top : ''sharedToolbar'',\r\n					bottom : ''sharedPath''\r\n				},\r\n\r\n				// Removes the maximize plugin as it''s not usable\r\n				// in a shared toolbar.\r\n				// Removes the resizer as it''s not usable in a\r\n				// shared elements path.\r\n				removePlugins : ''maximize,resize'',\r\n				height : ''20''\r\n			} );\r\n\r\n		CKEDITOR.replace( ''leftSidebarEditor'',\r\n			{\r\n				sharedSpaces :\r\n				{\r\n					top : ''sharedToolbar'',\r\n					bottom : ''sharedPath''\r\n				},\r\n\r\n				// Removes the maximize plugin as it''s not usable\r\n				// in a shared toolbar.\r\n				// Removes the resizer as it''s not usable in a\r\n				// shared elements path.\r\n				removePlugins : ''maximize,resize'',\r\n				height : ''605''\r\n			} );\r\n\r\n		CKEDITOR.replace( ''mainEditor'',\r\n			{\r\n				sharedSpaces :\r\n				{\r\n					top : ''sharedToolbar'',\r\n					bottom : ''sharedPath'',\r\n				},\r\n\r\n				// Removes the maximize plugin as it''s not usable\r\n				// in a shared toolbar.\r\n				removePlugins : ''maximize'',\r\n				height : ''605''\r\n			} );\r\n		\r\n		CKEDITOR.replace( ''rightSidebarEditor'',\r\n				{\r\n					sharedSpaces :\r\n					{\r\n						top : ''sharedToolbar'',\r\n						bottom : ''sharedPath'',\r\n					},\r\n\r\n					// Removes the maximize plugin as it''s not usable\r\n					// in a shared toolbar.\r\n					removePlugins : ''maximize'',\r\n					height : ''605''\r\n				} );\r\n\r\n		CKEDITOR.replace( ''footerEditor'',\r\n				{\r\n					sharedSpaces :\r\n					{\r\n						top : ''sharedToolbar'',\r\n						bottom : ''sharedPath'',\r\n					},\r\n\r\n					// Removes the maximize plugin as it''s not usable\r\n					// in a shared toolbar.\r\n					removePlugins : ''maximize'',\r\n					height : ''20''\r\n				} );\r\n	//]]>\r\n	</script>\r\n	\r\n	\r\n		\r\n	<!-- JS\r\n	================================================== -->\r\n	<script src="//ajax.googleapis.com/ajax/libs/jquery/1.5.1/jquery.js"></script>\r\n	<script>window.jQuery || document.write("<script src=''javascripts/jquery-1.5.1.min.js''>\\x3C/script>")</script>\r\n	<script src="resources/css/js/app.js"></script>\r\n	\r\n<!-- End Document\r\n================================================== -->\r\n</body>\r\n</html>', '<!DOCTYPE html>\r\n<!--[if lt IE 7 ]><html class="ie ie6" lang="en"> <![endif]-->\r\n<!--[if IE 7 ]><html class="ie ie7" lang="en"> <![endif]-->\r\n<!--[if IE 8 ]><html class="ie ie8" lang="en"> <![endif]-->\r\n<!--[if (gte IE 9)|!(IE)]><!--> 	\r\n\r\n<html lang="en"> <!--<![endif]-->\r\n<head>\r\n\r\n	<!-- Basic Page Needs\r\n  ================================================== -->\r\n	<meta charset="utf-8" />\r\n	<title>Sidebars Base Clip ${clipName }</title>\r\n	<!--[if lt IE 9]>\r\n		<script src="http://html5shim.googlecode.com/svn/trunk/html5.js"></script>\r\n	<![endif]-->\r\n	\r\n	<!-- Mobile Specific Metas\r\n  ================================================== -->\r\n	<meta name="viewport" content="width=device-width, initial-scale=1, maximum-scale=1" />\r\n	\r\n	<!-- JS\r\n  ================================================== -->\r\n   <script src="http://ajax.googleapis.com/ajax/libs/jquery/1.7.1/jquery.min.js"></script>\r\n	<script src="resources/js/modernizr.js"></script>\r\n	<script src="resources/js/ckeditor/ckeditor.js"></script>\r\n	<script type="text/javascript" src="resources/js/clipTimer.js"></script> \r\n	\r\n	<script>\r\n	function countDown() {\r\n		if (count <= 0) {\r\n			document.clipForm.submit();\r\n		} else {\r\n			count--;\r\n			//document.getElementById("timer").innerHTML = " Il reste : " + count\r\n					+ " secondes. ";\r\n			setTimeout("countDown()", 1000);\r\n		}\r\n	}\r\n</script>\r\n	\r\n	<!-- CSS\r\n  ================================================== \r\n	<link rel="stylesheet" href="resources/css/animate.min.css">  -->\r\n	<link rel="stylesheet" href="resources/css/base.css">\r\n	<link rel="stylesheet" href="resources/css/skeleton_2sidebars_1920.css">\r\n	<link rel="stylesheet" href="resources/css/layout_leftsidebar_1920.css">\r\n	\r\n	\r\n</head>\r\n<body scroll="no" style="overflow: hidden" leftmargin="0" topmargin="0"\r\n	rightmargin="0" bottommargin="0" marginwidth="0" marginheight="0">\r\n<!-- 	<body>    -->\r\n\r\n	<!-- Primary Page Layout\r\n	================================================== -->\r\n	\r\n	<form name=''clipSaveForm'' method=''post'' action=''/saveClip''>\r\n	\r\n	<div class="container" style="${clipBackgroundColor };">', '<label style='' position: relative; left: 102%; top: -15%;'' >Saisir le nom du Clip :</label>\r\n	<input type=''text'' path=''clipName'' style='' position: relative; left: 102%; top: -14%''/>\r\n	<input type=''submit'' value=''Sauvegarder le Clip'' style='' position: relative; left: 102%; top: -13%;''/>\r\n	<!---->	\r\n	</div><!--container-->\r\n	\r\n	<input id="clipDuration" type="hidden" value="${clipDurationInSeconds }" />\r\n	<input type="hidden" value="${clipOrderNumber }" />\r\n	<input type="hidden" value="${nextClipUri }" />\r\n	\r\n	\r\n	</form>\r\n	\r\n	<script type="text/javascript">\r\n		var count = document.clipForm.clipDuration.value;\r\n		countDown();\r\n	</script>\r\n	\r\n	\r\n	</script>\r\n		\r\n	<!-- JS\r\n	================================================== -->\r\n	<script src="//ajax.googleapis.com/ajax/libs/jquery/1.5.1/jquery.js"></script>\r\n	<script>window.jQuery || document.write("<script src=''javascripts/jquery-1.5.1.min.js''>\\x3C/script>")</script>\r\n	<script src="resources/css/js/app.js"></script>\r\n	\r\n<!-- End Document\r\n================================================== -->\r\n</body>\r\n</html>', '<link rel="stylesheet" href="../../css/layout_leftsidebar_1920.css">'),
(3, 'Main area', '<!DOCTYPE html>\r\n<!--[if lt IE 7 ]><html class="ie ie6" lang="en"> <![endif]-->\r\n<!--[if IE 7 ]><html class="ie ie7" lang="en"> <![endif]-->\r\n<!--[if IE 8 ]><html class="ie ie8" lang="en"> <![endif]-->\r\n<!--[if (gte IE 9)|!(IE)]><!--> 	<html lang="en"> <!--<![endif]-->\r\n<head>\r\n\r\n	<!-- Basic Page Needs\r\n  ================================================== -->\r\n	<meta charset="utf-8" />\r\n	<title>Sidebars Base Template</title>\r\n	<!--[if lt IE 9]>\r\n		<script src="http://html5shim.googlecode.com/svn/trunk/html5.js"></script>\r\n	<![endif]-->\r\n	\r\n	<!-- Mobile Specific Metas\r\n  ================================================== -->\r\n	<meta name="viewport" content="width=device-width, initial-scale=1, maximum-scale=1" />\r\n	\r\n	<!-- JS\r\n  ================================================== -->\r\n    <script src="http://ajax.googleapis.com/ajax/libs/jquery/1.7.1/jquery.min.js"></script>\r\n	<script src="resources/js/modernizr.js"></script>\r\n	<script src="resources/js/ckeditor/ckeditor.js"></script>\r\n	<!-- <script src="resources/js/jscolor/jscolor.js"></script> -->\r\n	\r\n	<script type="text/javascript">\r\n		function previewClip() {\r\n			\r\n			window.open("/clipEditPreview");\r\n			window.focus();\r\n			\r\n		}\r\n	</script>\r\n	\r\n	<!-- CSS\r\n  ================================================== \r\n	<link rel="stylesheet" href="resources/css/animate.min.css"> -->\r\n	<link rel="stylesheet" href="resources/css/base.css">\r\n	<link rel="stylesheet" href="resources/css/skeleton_2sidebars_1920.css">\r\n	<link rel="stylesheet" href="resources/css/layout_full_1920.css">\r\n	\r\n	\r\n</head>\r\n<!-- <body scroll="no" style="overflow: hidden" leftmargin="0" topmargin="0"\r\n	rightmargin="0" bottommargin="0" marginwidth="0" marginheight="0">  -->\r\n	<body>\r\n\r\n	<!-- Primary Page Layout\r\n	================================================== -->\r\n	\r\n	<!-- This <div> holds alert messages to be display in the sample page. -->\r\n	<div id="alerts">\r\n		<noscript>\r\n			<p>\r\n				<strong>CKEditor requires JavaScript to run</strong>. In a browser with no JavaScript\r\n				support, like yours, you should still see the contents (HTML data) and you should\r\n				be able to edit it normally, without a rich editor interface.\r\n			</p>\r\n		</noscript>\r\n	</div>\r\n	<div id="sharedToolbar" >\r\n	</div>\r\n	\r\n	<form name="templateConfigForm" method="post" modelAttribute="template" \r\n							action="/templateEditing">\r\n	\r\n	<div class="container">', '</div><!-- container -->\r\n	\r\n	<input type="submit" value="1. Appliquer les changements" style=" position: absolute; left: 970px; top: 120px;"/>\r\n	<input type="button" value="2. Aperçu du Clip" \r\n						style=" position: absolute; left: 970px; top: 160px;"\r\n						onClick="javascript: previewClip()"/>\r\n        <!-- \r\n	<form:label  path="backgroundColor" style=" position: absolute; left: 970px; top: 230px; font-size: 100%;" >Choisir la couleur de fond :</form:label>\r\n	<form:input path="backgroundColor" class="color" value="${backgroundColor}"\r\n				style=" position: absolute; left: 970px; top: 250px;" />\r\n	-->\r\n	</form>\r\n	<!--\r\n	<div style=" font-size: 100%; position: absolute; left: 970px; top: 300px;" >\r\n	\r\n		<strong>Typographie : style CSS de bloc obligatoire</strong><br>\r\n			font-size: 100%;  <br><br>\r\n		<strong>Typographie : exemples de remplacement de la taille</strong><br>\r\n			font-size: 140%;  <br>\r\n			font-size: 70%;  <br><br>\r\n		\r\n		<strong>Effets d''animation : <br>(class CSS à configurer en dernier)</strong><br>\r\n			animated fadeInLeftBig <br>\r\n			animated fadeInRightBig <br>\r\n			animated bounceInLeft <br>\r\n			animated bounceInRight <br>\r\n			animated bounceInDown <br>\r\n			animated bounceOutDown <br>\r\n			animated fadeIn <br>\r\n			animated rollIn <br>\r\n			animated rollOut <br>\r\n			animated rotateInDownLeft <br>\r\n			animated rotateOutDownRight <br>\r\n			animated tada <br>\r\n			animated pulse <br>\r\n			animated wobble <br> <br>\r\n\r\n		<strong>Durée et délai d''animation : <br>(Style : en secondes)</strong><br>\r\n			-moz-animation-duration: 3s; <br>\r\n			animation-delay: 1.5s; <br>\r\n		\r\n	</div>\r\n	-->\r\n	<div id="sharedPath" />\r\n	\r\n	<script type="text/javascript">\r\n	//<![CDATA[\r\n\r\n		// Create all editor instances at the end of the page, so we are sure\r\n		// that the "bottomSpace" div is available in the DOM (IE issue).\r\n\r\n		CKEDITOR.replace( ''headerEditor'',\r\n			{\r\n				sharedSpaces :\r\n				{\r\n					top : ''sharedToolbar'',\r\n					bottom : ''sharedPath''\r\n				},\r\n\r\n				// Removes the maximize plugin as it''s not usable\r\n				// in a shared toolbar.\r\n				// Removes the resizer as it''s not usable in a\r\n				// shared elements path.\r\n				removePlugins : ''maximize,resize'',\r\n				height : ''20''\r\n			} );\r\n\r\n		CKEDITOR.replace( ''leftSidebarEditor'',\r\n			{\r\n				sharedSpaces :\r\n				{\r\n					top : ''sharedToolbar'',\r\n					bottom : ''sharedPath''\r\n				},\r\n\r\n				// Removes the maximize plugin as it''s not usable\r\n				// in a shared toolbar.\r\n				// Removes the resizer as it''s not usable in a\r\n				// shared elements path.\r\n				removePlugins : ''maximize,resize'',\r\n				height : ''605''\r\n			} );\r\n\r\n		CKEDITOR.replace( ''mainEditor'',\r\n			{\r\n				sharedSpaces :\r\n				{\r\n					top : ''sharedToolbar'',\r\n					bottom : ''sharedPath'',\r\n				},\r\n\r\n				// Removes the maximize plugin as it''s not usable\r\n				// in a shared toolbar.\r\n				removePlugins : ''maximize'',\r\n				height : ''605''\r\n			} );\r\n		\r\n		CKEDITOR.replace( ''rightSidebarEditor'',\r\n				{\r\n					sharedSpaces :\r\n					{\r\n						top : ''sharedToolbar'',\r\n						bottom : ''sharedPath'',\r\n					},\r\n\r\n					// Removes the maximize plugin as it''s not usable\r\n					// in a shared toolbar.\r\n					removePlugins : ''maximize'',\r\n					height : ''605''\r\n				} );\r\n\r\n		CKEDITOR.replace( ''footerEditor'',\r\n				{\r\n					sharedSpaces :\r\n					{\r\n						top : ''sharedToolbar'',\r\n						bottom : ''sharedPath'',\r\n					},\r\n\r\n					// Removes the maximize plugin as it''s not usable\r\n					// in a shared toolbar.\r\n					removePlugins : ''maximize'',\r\n					height : ''20''\r\n				} );\r\n	//]]>\r\n	</script>\r\n	\r\n	\r\n		\r\n	<!-- JS\r\n	================================================== -->\r\n	<script src="//ajax.googleapis.com/ajax/libs/jquery/1.5.1/jquery.js"></script>\r\n	<script>window.jQuery || document.write("<script src=''javascripts/jquery-1.5.1.min.js''>\\x3C/script>")</script>\r\n	<script src="resources/css/js/app.js"></script>\r\n	\r\n<!-- End Document\r\n================================================== -->\r\n</body>\r\n</html>', '<!DOCTYPE html>\r\n<!--[if lt IE 7 ]><html class="ie ie6" lang="en"> <![endif]-->\r\n<!--[if IE 7 ]><html class="ie ie7" lang="en"> <![endif]-->\r\n<!--[if IE 8 ]><html class="ie ie8" lang="en"> <![endif]-->\r\n<!--[if (gte IE 9)|!(IE)]><!--> 	\r\n\r\n<html lang="en"> <!--<![endif]-->\r\n<head>\r\n\r\n	<!-- Basic Page Needs\r\n  ================================================== -->\r\n	<meta charset="utf-8" />\r\n	<title>Sidebars Base Clip ${clipName }</title>\r\n	<!--[if lt IE 9]>\r\n		<script src="http://html5shim.googlecode.com/svn/trunk/html5.js"></script>\r\n	<![endif]-->\r\n	\r\n	<!-- Mobile Specific Metas\r\n  ================================================== -->\r\n	<meta name="viewport" content="width=device-width, initial-scale=1, maximum-scale=1" />\r\n	\r\n	<!-- JS\r\n  ================================================== -->\r\n   <script src="http://ajax.googleapis.com/ajax/libs/jquery/1.7.1/jquery.min.js"></script>\r\n	<script src="resources/js/modernizr.js"></script>\r\n	<script src="resources/js/ckeditor/ckeditor.js"></script>\r\n	<script type="text/javascript" src="resources/js/clipTimer.js"></script> \r\n	\r\n	<script>\r\n	function countDown() {\r\n		if (count <= 0) {\r\n			document.clipForm.submit();\r\n		} else {\r\n			count--;\r\n			//document.getElementById("timer").innerHTML = " Il reste : " + count\r\n					+ " secondes. ";\r\n			setTimeout("countDown()", 1000);\r\n		}\r\n	}\r\n</script>\r\n	\r\n	<!-- CSS\r\n  ================================================== \r\n	<link rel="stylesheet" href="resources/css/animate.min.css">  -->\r\n	<link rel="stylesheet" href="resources/css/base.css">\r\n	<link rel="stylesheet" href="resources/css/skeleton_2sidebars_1920.css">\r\n	<link rel="stylesheet" href="resources/css/layout_full_1920.css">\r\n	\r\n	\r\n</head>\r\n<body scroll="no" style="overflow: hidden" leftmargin="0" topmargin="0"\r\n	rightmargin="0" bottommargin="0" marginwidth="0" marginheight="0">\r\n<!-- 	<body>    -->\r\n\r\n	<!-- Primary Page Layout\r\n	================================================== -->\r\n	\r\n	<form name=''clipSaveForm'' method=''post'' action=''/saveClip''>\r\n	\r\n	<div class="container" style="${clipBackgroundColor };">', '<label style='' position: relative; left: 102%; top: -15%;'' >Saisir le nom du Clip :</label>\r\n	<input type=''text'' path=''clipName'' style='' position: relative; left: 102%; top: -14%''/>\r\n	<input type=''submit'' value=''Sauvegarder le Clip'' style='' position: relative; left: 102%; top: -13%;''/>\r\n	<!---->	\r\n	</div><!--container-->\r\n	\r\n	<input id="clipDuration" type="hidden" value="${clipDurationInSeconds }" />\r\n	<input type="hidden" value="${clipOrderNumber }" />\r\n	<input type="hidden" value="${nextClipUri }" />\r\n	\r\n	\r\n	</form>\r\n	\r\n	<script type="text/javascript">\r\n		var count = document.clipForm.clipDuration.value;\r\n		countDown();\r\n	</script>\r\n	\r\n	\r\n	</script>\r\n		\r\n	<!-- JS\r\n	================================================== -->\r\n	<script src="//ajax.googleapis.com/ajax/libs/jquery/1.5.1/jquery.js"></script>\r\n	<script>window.jQuery || document.write("<script src=''javascripts/jquery-1.5.1.min.js''>\\x3C/script>")</script>\r\n	<script src="resources/css/js/app.js"></script>\r\n	\r\n<!-- End Document\r\n================================================== -->\r\n</body>\r\n</html>', '<link rel="stylesheet" href="../../css/layout_full_1920.css">'),
(4, 'Right sidebar', '', '', '', '', '<link rel="stylesheet" href="../../css/layout_rightsidebar_1920.css">');

-- --------------------------------------------------------

--
-- Structure de la table `section`
--

CREATE TABLE IF NOT EXISTS `section` (
  `id` int(11) NOT NULL AUTO_INCREMENT,
  `sectionname` text NOT NULL,
  `sectioncode` text NOT NULL,
  `sectiontypeid` int(11) NOT NULL,
  `clipid` int(11) NOT NULL,
  PRIMARY KEY (`id`),
  KEY `clipid` (`clipid`),
  KEY `sectiontypeid` (`sectiontypeid`)
) ENGINE=InnoDB  DEFAULT CHARSET=utf8 AUTO_INCREMENT=15 ;

--
-- Contenu de la table `section`
--

INSERT INTO `section` (`id`, `sectionname`, `sectioncode`, `sectiontypeid`, `clipid`) VALUES
(1, 'Clip 1 header', '<h4>Header 1</h4>', 1, 1),
(2, 'Clip 2 header', '<h4>Header 2</h4>', 1, 2),
(3, 'Left sidebar 1', '<h4>Left sidebar 1</h4>', 2, 1),
(4, 'Left sidebar 2', '<h4>Left sidebar 2</h4>', 2, 2),
(5, 'Main area 1', '<h1>Main area 1</h1>\r\n<img src=''../../images/beach.jpg'' width=''400'' height=''267''/>', 3, 1),
(6, 'Main area 2', '<h1>Main area 2</h1>', 3, 2),
(7, 'Right sidebar 1', '<h4>Right sidebar 1</h4>', 4, 1),
(8, 'Right sidebar 2', '<h4>Right sidebar 2</h4>', 4, 2),
(9, 'Footer 1', '<h4>Footer 1</h4>', 5, 1),
(10, 'Footer 2', '<h4>Footer 2</h4>', 5, 2),
(11, 'Clip 1 codehead', '<p> Code Head 1</p>', 6, 1),
(12, 'Clip 1 codefoot', '<p> Code Foot 1</p>', 7, 1),
(13, 'Code Head 2', '<p> Code Head 2</p>', 6, 2),
(14, 'Code Foot 2', '<p> Code Foot 2</p>', 7, 2);

-- --------------------------------------------------------

--
-- Structure de la table `sectiontype`
--

CREATE TABLE IF NOT EXISTS `sectiontype` (
  `id` int(11) NOT NULL AUTO_INCREMENT,
  `sectiontypename` text NOT NULL,
  `sectiontypeeditor` text NOT NULL,
  `sectiontypecode` text NOT NULL,
  PRIMARY KEY (`id`)
) ENGINE=InnoDB  DEFAULT CHARSET=utf8 AUTO_INCREMENT=8 ;

--
-- Contenu de la table `sectiontype`
--

INSERT INTO `sectiontype` (`id`, `sectiontypename`, `sectiontypeeditor`, `sectiontypecode`) VALUES
(1, 'Header', '<div id="header" class="sixteen columns" >	\n    <textarea id="headerEditor" name="headerEditor" cols="80" rows="10" ><?php echo $clip[''headercode'']; ?></textarea>\n</div>', '<div id="header" class="sixteen columns" >	\n    <?php echo $clip[''headercode'']; ?>\n</div> '),
(2, 'Left sidebar', '<div id="leftsidebar" class="three columns">		\n    <textarea id="leftSidebarEditor" name="leftSidebarEditor" cols="80" rows="10"><?php echo $clip[''leftbarcode'']; ?></textarea>\n</div>', '<div id="leftsidebar" class="three columns" >	\n    <?php echo $clip[''leftbarcode'']; ?>\n</div>'),
(3, 'Main area', '<div id="main" class="ten columns" align="center">			\n    <textarea id="mainEditor" name="mainEditor" cols="80" rows="10"> <?php echo $clip[''mainareacode'']; ?></textarea>			\n</div>', '<div id="main" class="sixteen columns" >	\n    <?php echo $clip[''mainareacode'']; ?>\n</div>'),
(4, 'Right sidebar', '<div id="rightsidebar" class="three columns">		\n    <textarea id="rightSidebarEditor" name="rightSidebarEditor" cols="80" rows="10"><?php echo $clip[''rightbarcode'']; ?></textarea>\n</div>', '<div id="rightsidebar" class="three columns" >	\n    <?php echo $clip[''rightbarcode'']; ?>\n</div>'),
(5, 'Footer', '<div id="footer" class="sixteen columns">		\n    <textarea id="footerEditor" name="footerEditor" cols="80" rows="10"><?php echo $clip[''footercode'']; ?></textarea>		\n</div>', '<div id="footer" class="sixteen columns" >	\n    <?php echo $clip[''footercode'']; ?>\n</div>'),
(6, 'codehead', '<!DOCTYPE html>\n<!--[if lt IE 7 ]><html class="ie ie6" lang="en"> <![endif]-->\n<!--[if IE 7 ]><html class="ie ie7" lang="en"> <![endif]-->\n<!--[if IE 8 ]><html class="ie ie8" lang="en"> <![endif]-->\n<!--[if (gte IE 9)|!(IE)]><!--> 	<html lang="en"> <!--<![endif]-->\n<head>\n\n	<!-- Basic Page Needs\n  ================================================== -->\n	<meta charset="utf-8" />\n	<title>Sidebars Base Template</title>\n	<!--[if lt IE 9]>\n		<script src="http://html5shim.googlecode.com/svn/trunk/html5.js"></script>\n	<![endif]-->\n	\n	<!-- Mobile Specific Metas\n  ================================================== -->\n	<meta name="viewport" content="width=device-width, initial-scale=1, maximum-scale=1" />\n	\n	<!-- JS\n  ================================================== -->\n    <script src="http://ajax.googleapis.com/ajax/libs/jquery/1.7.1/jquery.min.js"></script>\n	<script src="../../js/modernizr.js"></script>\n	<script src="../../js/ckeditor/ckeditor.js"></script>\n	<!-- <script src="../../js/jscolor/jscolor.js"></script> -->\n	\n	<script type="text/javascript">\n		function previewClip() {\n			\n			window.open("/clipEditPreview");\n			window.focus();\n			\n		}\n	</script>\n	\n	<!-- CSS\n  ================================================== \n	<link rel="stylesheet" href="../../css/animate.min.css"> -->\n	<link rel="stylesheet" href="../../css/base.css">\n	<link rel="stylesheet" href="../../css/skeleton_2sidebars_1920.css">\n	<?php echo $clip[''cliplayoutcssref'']; ?>\n	\n	\n</head>\n<!-- <body scroll="no" style="overflow: hidden" leftmargin="0" topmargin="0"\n	rightmargin="0" bottommargin="0" marginwidth="0" marginheight="0">  -->\n	<body>\n\n	<!-- Primary Page Layout\n	================================================== -->\n	\n	<!-- This <div> holds alert messages to be display in the sample page. -->\n	<div id="alerts">\n		<noscript>\n			<p>\n				<strong>CKEditor requires JavaScript to run</strong>. In a browser with no JavaScript\n				support, like yours, you should still see the contents (HTML data) and you should\n				be able to edit it normally, without a rich editor interface.\n			</p>\n		</noscript>\n	</div>\n	<div id="sharedToolbar" >\n	</div>\n	\n	<form name="templateConfigForm" method="post" action="templateEditing">\n	\n	<div class="container">', '<!DOCTYPE html>\r\n<!--[if lt IE 7 ]><html class="ie ie6" lang="en"> <![endif]-->\r\n<!--[if IE 7 ]><html class="ie ie7" lang="en"> <![endif]-->\r\n<!--[if IE 8 ]><html class="ie ie8" lang="en"> <![endif]-->\r\n<!--[if (gte IE 9)|!(IE)]><!--> 	\r\n\r\n<html lang="en"> <!--<![endif]-->\r\n<head>\r\n\r\n	<!-- Basic Page Needs\r\n  ================================================== -->\r\n	<meta charset="utf-8" />\r\n	<title>Sidebars Base Clip ${clipName }</title>\r\n	<!--[if lt IE 9]>\r\n		<script src="http://html5shim.googlecode.com/svn/trunk/html5.js"></script>\r\n	<![endif]-->\r\n	\r\n	<!-- Mobile Specific Metas\r\n  ================================================== -->\r\n	<meta name="viewport" content="width=device-width, initial-scale=1, maximum-scale=1" />\r\n	\r\n	<!-- JS\r\n  ================================================== -->\r\n   <script src="http://ajax.googleapis.com/ajax/libs/jquery/1.7.1/jquery.min.js"></script>\r\n	<script src="../../js/modernizr.js"></script>\r\n	<script src="../../js/ckeditor/ckeditor.js"></script>\r\n	<script type="text/javascript" src="../../js/clipTimer.js"></script> \r\n	\r\n	<script>\r\n	function countDown() {\r\n		if (count <= 0) {\r\n			document.clipForm.submit();\r\n		} else {\r\n			count--;\r\n			//document.getElementById("timer").innerHTML = " Il reste : " + count\r\n					+ " secondes. ";\r\n			setTimeout("countDown()", 1000);\r\n		}\r\n	}\r\n</script>\r\n	\r\n	<!-- CSS\r\n  ================================================== \r\n	<link rel="stylesheet" href="../../css/animate.min.css">  -->\r\n	<link rel="stylesheet" href="../../css/base.css">\r\n	<link rel="stylesheet" href="../../css/skeleton_2sidebars_1920.css">\r\n	<link rel="stylesheet" href="../../css/layout_sidebars_1920.css">\r\n	\r\n	\r\n</head>\r\n<body scroll="no" style="overflow: hidden" leftmargin="0" topmargin="0"\r\n	rightmargin="0" bottommargin="0" marginwidth="0" marginheight="0">\r\n<!-- 	<body>    -->\r\n\r\n	<!-- Primary Page Layout\r\n	================================================== -->\r\n	\r\n	<form name=''clipSaveForm'' method=''post'' action=''saveClip''>\r\n	\r\n	<div class="container" ">  <!-- style="<?php echo $clip[''clipbackgroundcolor'']; ?> -->'),
(7, 'codefoot', '</div><!-- container -->\r\n	\r\n	<input type="submit" value="1. Appliquer les changements" style=" position: absolute; left: 970px; top: 120px;"/>\r\n	<input type="button" value="2. Aperçu du Clip" \r\n						style=" position: absolute; left: 970px; top: 160px;"\r\n						onClick="javascript: previewClip()"/>\r\n        <!-- \r\n	<form:label  path="backgroundColor" style=" position: absolute; left: 970px; top: 230px; font-size: 100%;" >Choisir la couleur de fond :</form:label>\r\n	<form:input path="backgroundColor" class="color" value="${backgroundColor}"\r\n				style=" position: absolute; left: 970px; top: 250px;" />\r\n	-->\r\n	</form>\r\n	<!--\r\n	<div style=" font-size: 100%; position: absolute; left: 970px; top: 300px;" >\r\n	\r\n		<strong>Typographie : style CSS de bloc obligatoire</strong><br>\r\n			font-size: 100%;  <br><br>\r\n		<strong>Typographie : exemples de remplacement de la taille</strong><br>\r\n			font-size: 140%;  <br>\r\n			font-size: 70%;  <br><br>\r\n		\r\n		<strong>Effets d''animation : <br>(class CSS à configurer en dernier)</strong><br>\r\n			animated fadeInLeftBig <br>\r\n			animated fadeInRightBig <br>\r\n			animated bounceInLeft <br>\r\n			animated bounceInRight <br>\r\n			animated bounceInDown <br>\r\n			animated bounceOutDown <br>\r\n			animated fadeIn <br>\r\n			animated rollIn <br>\r\n			animated rollOut <br>\r\n			animated rotateInDownLeft <br>\r\n			animated rotateOutDownRight <br>\r\n			animated tada <br>\r\n			animated pulse <br>\r\n			animated wobble <br> <br>\r\n\r\n		<strong>Durée et délai d''animation : <br>(Style : en secondes)</strong><br>\r\n			-moz-animation-duration: 3s; <br>\r\n			animation-delay: 1.5s; <br>\r\n		\r\n	</div>\r\n	-->\r\n	<div id="sharedPath" />\r\n	\r\n	<script type="text/javascript">\r\n	//<![CDATA[\r\n\r\n		// Create all editor instances at the end of the page, so we are sure\r\n		// that the "bottomSpace" div is available in the DOM (IE issue).\r\n\r\n		CKEDITOR.replace( ''headerEditor'',\r\n			{\r\n				sharedSpaces :\r\n				{\r\n					top : ''sharedToolbar'',\r\n					bottom : ''sharedPath''\r\n				},\r\n\r\n				// Removes the maximize plugin as it''s not usable\r\n				// in a shared toolbar.\r\n				// Removes the resizer as it''s not usable in a\r\n				// shared elements path.\r\n				removePlugins : ''maximize,resize'',\r\n				height : ''20''\r\n			} );\r\n\r\n		CKEDITOR.replace( ''leftSidebarEditor'',\r\n			{\r\n				sharedSpaces :\r\n				{\r\n					top : ''sharedToolbar'',\r\n					bottom : ''sharedPath''\r\n				},\r\n\r\n				// Removes the maximize plugin as it''s not usable\r\n				// in a shared toolbar.\r\n				// Removes the resizer as it''s not usable in a\r\n				// shared elements path.\r\n				removePlugins : ''maximize,resize'',\r\n				height : ''605''\r\n			} );\r\n\r\n		CKEDITOR.replace( ''mainEditor'',\r\n			{\r\n				sharedSpaces :\r\n				{\r\n					top : ''sharedToolbar'',\r\n					bottom : ''sharedPath'',\r\n				},\r\n\r\n				// Removes the maximize plugin as it''s not usable\r\n				// in a shared toolbar.\r\n				removePlugins : ''maximize'',\r\n				height : ''605''\r\n			} );\r\n		\r\n		CKEDITOR.replace( ''rightSidebarEditor'',\r\n				{\r\n					sharedSpaces :\r\n					{\r\n						top : ''sharedToolbar'',\r\n						bottom : ''sharedPath'',\r\n					},\r\n\r\n					// Removes the maximize plugin as it''s not usable\r\n					// in a shared toolbar.\r\n					removePlugins : ''maximize'',\r\n					height : ''605''\r\n				} );\r\n\r\n		CKEDITOR.replace( ''footerEditor'',\r\n				{\r\n					sharedSpaces :\r\n					{\r\n						top : ''sharedToolbar'',\r\n						bottom : ''sharedPath'',\r\n					},\r\n\r\n					// Removes the maximize plugin as it''s not usable\r\n					// in a shared toolbar.\r\n					removePlugins : ''maximize'',\r\n					height : ''20''\r\n				} );\r\n	//]]>\r\n	</script>\r\n	\r\n	\r\n		\r\n	<!-- JS\r\n	================================================== -->\r\n	<script src="//ajax.googleapis.com/ajax/libs/jquery/1.5.1/jquery.js"></script>\r\n	<script>window.jQuery || document.write("<script src=''javascripts/jquery-1.5.1.min.js''>\\x3C/script>")</script>\r\n	<script src="resources/css/js/app.js"></script>\r\n	\r\n<!-- End Document\r\n================================================== -->\r\n</body>\r\n</html>', '<label style='' position: relative; left: 102%; top: -15%;'' >Saisir le nom du Clip :</label>\r\n	<input type=''text'' name=''clipname'' style='' position: relative; left: 102%; top: -14%''/>\r\n	<input type=''submit'' value=''Sauvegarder le Clip'' style='' position: relative; left: 102%; top: -13%;''/>\r\n	<!---->	\r\n	</div><!--container-->\r\n	\r\n	<input id="clipDuration" type="hidden" value="${clipDurationInSeconds }" />\r\n	<input type="hidden" value="${clipOrderNumber }" />\r\n	<input type="hidden" value="${nextClipUri }" />\r\n	\r\n	\r\n	</form>\r\n	\r\n	<script type="text/javascript">\r\n		var count = document.clipForm.clipDuration.value;\r\n		countDown();\r\n	</script>\r\n	\r\n	\r\n	</script>\r\n		\r\n	<!-- JS\r\n	================================================== -->\r\n	<script src="//ajax.googleapis.com/ajax/libs/jquery/1.5.1/jquery.js"></script>\r\n	<script>window.jQuery || document.write("<script src=''javascripts/jquery-1.5.1.min.js''>\\x3C/script>")</script>\r\n	<script src="resources/css/js/app.js"></script>\r\n	\r\n<!-- End Document\r\n================================================== -->\r\n</body>\r\n</html>');

--
-- Contraintes pour les tables exportées
--

--
-- Contraintes pour la table `clip`
--
ALTER TABLE `clip`
  ADD CONSTRAINT `clip_ibfk_1` FOREIGN KEY (`cliplayoutid`) REFERENCES `cliplayout` (`id`);

--
-- Contraintes pour la table `section`
--
ALTER TABLE `section`
  ADD CONSTRAINT `section_ibfk_1` FOREIGN KEY (`clipid`) REFERENCES `clip` (`id`),
  ADD CONSTRAINT `section_ibfk_2` FOREIGN KEY (`sectiontypeid`) REFERENCES `sectiontype` (`id`);

/*!40101 SET CHARACTER_SET_CLIENT=@OLD_CHARACTER_SET_CLIENT */;
/*!40101 SET CHARACTER_SET_RESULTS=@OLD_CHARACTER_SET_RESULTS */;
/*!40101 SET COLLATION_CONNECTION=@OLD_COLLATION_CONNECTION */;
